{
  "curva1": {
    "a": 5,
    "b": 2,
    "xc": 3.6,
    "yc": 3.6,
    "alpha_deg": 45,
    "n_pontos": 10,
    "sentido": "cw"
  },
  "curva2": {
    "altura": 20,
    "largura": 12,
    "n_pontos": 10,
    "theta_deg": 0
  },
  "respiracao": {
    "periodo": 4,
    "espera_inicio": 0.6,
    "espera_fim": 0.1,
    "ponto_inicio": 5,
    "pontos_x": [
      0.0,
      1.3333333333333333,
      2.6666666666666665,
      4.0,
      5.333333333333333,
      6.666666666666666,
      8.0,
      9.333333333333332,
      10.666666666666666,
      12.0
    ],
    "pontos_y": [
      0.0,
      0.0,
      0.0,
      0.0,
      0.0,
      0.0,
      0.0,
      0.0,
      0.0,
      0.0
    ],
    "pontos_z": [
      0.0,
      0.24691358024691357,
      0.9876543209876543,
      2.2222222222222223,
      3.950617283950617,
      6.1728395061728385,
      8.88888888888889,
      12.098765432098762,
      15.802469135802468,
      20.0
    ]
  },
  "batimento": {
    "periodo": 1,
    "espera_inicio": 0.1,
    "espera_fim": 0.1,
    "ponto_inicio": 0,
    "pontos_x": [
      0.06446609406726217,
      -0.09156088964332809,
      1.1624629149500332,
      3.347543037194138,
      5.629053138533514,
      7.135533905932737,
      7.291560889643328,
      6.0375370850499674,
      3.8524569628058614,
      1.570946861466484
    ],
    "pontos_y": [
      0.06446609406726295,
      1.5709468614664863,
      3.8524569628058627,
      6.0375370850499674,
      7.291560889643328,
      7.135533905932737,
      5.629053138533514,
      3.3475430371941375,
      1.162462914950032,
      -0.09156088964332887
    ],
    "pontos_z": [
      0.0,
      0.0,
      0.0,
      0.0,
      0.0,
      0.0,
      0.0,
      0.0,
      0.0,
      0.0
    ]
  },
  "tosse": {
    "periodo": 0.5,
    "espera_inicio": 0.1,
    "espera_fim": 0.1,
    "ponto_inicio": 5,
    "pontos_x": [
      0.0,
      1.3333333333333333,
      2.6666666666666665,
      4.0,
      5.333333333333333,
      6.666666666666666,
      8.0,
      9.333333333333332,
      10.666666666666666,
      12.0
    ],
    "pontos_y": [
      0.0,
      0.0,
      0.0,
      0.0,
      0.0,
      0.0,
      0.0,
      0.0,
      0.0,
      0.0
    ],
    "pontos_z": [
      0.0,
      0.24691358024691357,
      0.9876543209876543,
      2.2222222222222223,
      3.950617283950617,
      6.1728395061728385,
      8.88888888888889,
      12.098765432098762,
      15.802469135802468,
      20.0
    ]
  },
  "curva3": {
    "raio": 2,
    "n_pontos": 10,
    "sentido": "cw"
  },
  "vibracao_tosse": {
    "periodo": 0.5,
    "espera_inicio": 0,
    "espera_fim": 0,
    "ponto_inicio": 0,
    "pontos_x": [
      2.0,
      1.6180339887498947,
      0.6180339887498945,
      -0.6180339887498951,
      -1.6180339887498951,
      -2.0,
      -1.6180339887498947,
      -0.6180339887498947,
      0.6180339887498949,
      1.618033988749895
    ],
    "pontos_y": [
      0.0,
      -1.1755705045849467,
      -1.9021130325903073,
      -1.902113032590307,
      -1.175570504584946,
      2.4492935982947064e-16,
      1.1755705045849465,
      1.9021130325903073,
      1.902113032590307,
      1.1755705045849463
    ],
    "pontos_z": [
      0.0,
      0.0,
      0.0,
      0.0,
      0.0,
      0.0,
      0.0,
      0.0,
      0.0,
      0.0
    ]
  }
}